{
    "name":"Cherry ML 4100",
    "vendorId":"0x046A",
    "productId":"0x0001",
    "lighting": "none",
    "matrix": {
        "rows": 14,
        "cols": 8
    },
    "layouts": {
        "keymap": [
          [
            "9,7",
            "9,6",
            "9,5",
            "9,4",
            "9,3",
            "9,2",
            "9,1",
            "9,0",
            "0,0",
            "0,1",
            "0,2",
            "0,4",
            {
              "w": 0.9
            },
            "0,5",
            {
              "w": 0.9
            },
            "0,3",
            {
              "x": -0.010000000000001563,
              "w": 0.9
            },
            "0,6"
          ],
          [
            {
              "w2": 1.5,
              "l": true
            },
            "8,7",
            {
              "x": 0.5
            },
            "8,6",
            "8,5",
            "8,4",
            "8,3",
            "8,2",
            "8,1",
            "8,0",
            "1,0",
            "1,1",
            "1,2",
            "1,3",
            {
              "w2": 1.29,
              "l": true
            },
            "1,4",
            {
              "x": 0.28999999999999915,
              "w": 0.9
            },
            "1,6"
          ],
          [
            {
              "w2": 1.29,
              "l": true
            },
            "7,7",
            "7,6",
            "7,5",
            "7,4",
            "7,3",
            "7,2",
            "7,1",
            "7,0",
            "2,0",
            "2,1",
            "2,2",
            "2,3",
            {
              "w": 0.9
            },
            "2,4",
            {
              "w": 0.9
            },
            "3,4",
            {
              "x": -0.010000000000001563,
              "w": 0.9
            },
            "2,6"
          ],
          [
            {
              "w2": 1.29,
              "l": true
            },
            "6,7",
            {
              "x": 0.25
            },
            "6,6",
            "6,5",
            "6,4",
            "6,3",
            "6,2",
            "6,1",
            "6,0",
            "3,0",
            "3,1",
            "3,2",
            "3,3",
            {
              "w": 1.54
            },
            "3,5",
            {
              "w": 0.9
            },
            "3,6"
          ],
          [
            {
              "w": 1.7
            },
            "11,7",
            "5,6",
            "5,5",
            "5,4",
            "5,3",
            "5,2",
            "5,1",
            "5,0",
            "4,0",
            "4,1",
            {
              "w": 0.9
            },
            "4,2",
            {
              "w2": 1.29,
              "l": true
            },
            "10,2",
            {
              "x": 0.3000000000000007,
              "w": 0.9
            },
            "2,7",
            {
              "x": -0.010000000000001563,
              "w": 0.9
            },
            "4,6"
          ],
          [
            "12,7",
            "13,7",
            "10,7",
            "5,7",
            {
              "w": 5
            },
            "4,7",
            "11,2",
            "4,4",
            "4,3",
            {
              "w": 0.9
            },
            "3,7",
            {
              "w": 0.9
            },
            "1,7",
            {
              "x": -0.010000000000001563,
              "w": 0.9
            },
            "0,7"
          ]
        ]
    }
}
